{"cameraMode":{"drawMode":0,"name":"Shaded","section":"Shading Mode"},"sceneLighting":false,"audioPlay":false,"sceneViewState":{"showFog":true,"showMaterialUpdate":false,"showSkybox":true,"showFlares":true,"showImageEffects":true,"showParticleSystems":true},"in2DMode":false,"pivot":{"x":0.0,"y":0.7281985878944397,"z":-0.12468105554580689},"rotation":{"x":0.05208812654018402,"y":-0.7321656942367554,"z":0.05635085701942444,"w":0.6767901182174683},"size":1.8512316942214966,"orthographic":false}